{"cameraMode":{"drawMode":0,"name":"Shaded","section":"Shading Mode"},"sceneLighting":false,"audioPlay":false,"sceneViewState":{"m_AlwaysRefresh":false,"showFog":false,"showSkybox":false,"showFlares":true,"showImageEffects":true,"showParticleSystems":true,"showVisualEffectGraphs":true,"m_FxEnabled":true},"in2DMode":false,"pivot":{"x":-0.12289518117904663,"y":0.7543188333511353,"z":-0.8082203269004822},"rotation":{"x":0.00012802754645235837,"y":-0.9997733235359192,"z":0.006308702751994133,"w":0.020105669274926187},"size":1.4665367603302003,"orthographic":false}