{"cameraMode":{"drawMode":0,"name":"Shaded","section":"Shading Mode"},"sceneLighting":false,"audioPlay":false,"sceneViewState":{"m_AlwaysRefresh":false,"showFog":false,"showSkybox":false,"showFlares":true,"showImageEffects":true,"showParticleSystems":true,"showVisualEffectGraphs":true,"m_FxEnabled":true},"in2DMode":false,"pivot":{"x":0.0000021457672119140627,"y":0.9591212868690491,"z":0.055057138204574588},"rotation":{"x":-0.011635953560471535,"y":-0.9726324081420898,"z":0.04994993656873703,"w":-0.22659951448440553},"size":1.0815539360046387,"orthographic":false}