{"cameraMode":{"drawMode":0,"name":"Shaded","section":"Shading Mode"},"sceneLighting":false,"audioPlay":false,"sceneViewState":{"m_AlwaysRefresh":false,"showFog":false,"showSkybox":false,"showFlares":true,"showImageEffects":true,"showParticleSystems":true,"showVisualEffectGraphs":true,"m_FxEnabled":true},"in2DMode":false,"pivot":{"x":-0.000012867152690887451,"y":0.22503182291984559,"z":0.000011883676052093506},"rotation":{"x":-0.011635953560471535,"y":-0.9726324081420898,"z":0.04994993656873703,"w":-0.22659951448440553},"size":0.2518843114376068,"orthographic":false}