{"cameraMode":{"drawMode":0,"name":"Shaded","section":"Shading Mode"},"sceneLighting":false,"audioPlay":false,"sceneViewState":{"m_AlwaysRefresh":false,"showFog":false,"showSkybox":false,"showFlares":true,"showImageEffects":true,"showParticleSystems":true,"showVisualEffectGraphs":true,"m_FxEnabled":true},"in2DMode":false,"pivot":{"x":-104.33355712890625,"y":-7.796844482421875,"z":224.62799072265626},"rotation":{"x":0.06891820579767227,"y":-0.02752366103231907,"z":-0.001902387710288167,"w":-0.9972309470176697},"size":595.0630493164063,"orthographic":false}