{"cameraMode":{"drawMode":0,"name":"Shaded","section":"Shading Mode"},"sceneLighting":false,"audioPlay":false,"sceneViewState":{"m_AlwaysRefresh":false,"showFog":false,"showSkybox":false,"showFlares":true,"showImageEffects":true,"showParticleSystems":true,"showVisualEffectGraphs":true,"m_FxEnabled":true},"in2DMode":false,"pivot":{"x":-0.012017011642456055,"y":0.8543043732643127,"z":-0.0014110803604125977},"rotation":{"x":-0.011635953560471535,"y":-0.9726324081420898,"z":0.04994993656873703,"w":-0.22659951448440553},"size":1.1187567710876465,"orthographic":false}