{"cameraMode":{"drawMode":0,"name":"Shaded","section":"Shading Mode"},"sceneLighting":false,"audioPlay":false,"sceneViewState":{"m_AlwaysRefresh":false,"showFog":false,"showSkybox":false,"showFlares":true,"showImageEffects":true,"showParticleSystems":true,"showVisualEffectGraphs":true,"m_FxEnabled":true},"in2DMode":false,"pivot":{"x":4.0978193283081057e-8,"y":0.14803063869476319,"z":-3.0547380447387697e-7},"rotation":{"x":-0.011635953560471535,"y":-0.9726324081420898,"z":0.04994993656873703,"w":-0.22659951448440553},"size":0.15983782708644868,"orthographic":false}