{"cameraMode":{"drawMode":0,"name":"Shaded","section":"Shading Mode"},"sceneLighting":false,"audioPlay":false,"sceneViewState":{"m_AlwaysRefresh":false,"showFog":false,"showSkybox":false,"showFlares":true,"showImageEffects":true,"showParticleSystems":true,"showVisualEffectGraphs":true,"m_FxEnabled":true},"in2DMode":false,"pivot":{"x":0.40878748893737795,"y":0.18298904597759248,"z":0.27030399441719057},"rotation":{"x":-0.016253750771284105,"y":-0.9692556858062744,"z":-0.06668347120285034,"w":0.2362765073776245},"size":0.2666075527667999,"orthographic":false}