{"cameraMode":{"drawMode":0,"name":"Shaded","section":"Shading Mode"},"sceneLighting":false,"audioPlay":false,"sceneViewState":{"m_AlwaysRefresh":false,"showFog":false,"showSkybox":false,"showFlares":true,"showImageEffects":true,"showParticleSystems":true,"showVisualEffectGraphs":true,"m_FxEnabled":true},"in2DMode":false,"pivot":{"x":0.0006874799728393555,"y":0.03448483720421791,"z":0.005505621433258057},"rotation":{"x":-0.03921252489089966,"y":-0.9031766057014465,"z":0.08452130109071732,"w":-0.4190272092819214},"size":0.10560683906078339,"orthographic":false}