{"cameraMode":{"drawMode":0,"name":"Shaded","section":"Shading Mode"},"sceneLighting":false,"audioPlay":false,"sceneViewState":{"m_AlwaysRefresh":false,"showFog":false,"showSkybox":false,"showFlares":true,"showImageEffects":true,"showParticleSystems":true,"showVisualEffectGraphs":true,"m_FxEnabled":true},"in2DMode":false,"pivot":{"x":-0.005706176161766052,"y":0.1358824074268341,"z":-0.009578496217727661},"rotation":{"x":-0.011635953560471535,"y":-0.9726324081420898,"z":0.04994993656873703,"w":-0.22659951448440553},"size":0.29369068145751955,"orthographic":false}