{"cameraMode":{"drawMode":0,"name":"Shaded","section":"Shading Mode"},"sceneLighting":false,"audioPlay":false,"sceneViewState":{"m_AlwaysRefresh":false,"showFog":false,"showSkybox":false,"showFlares":true,"showImageEffects":true,"showParticleSystems":true,"showVisualEffectGraphs":true,"m_FxEnabled":true},"in2DMode":false,"pivot":{"x":-0.005441814661026001,"y":-0.4489242434501648,"z":0.011646166443824768},"rotation":{"x":0.01027869526296854,"y":-0.9818295240402222,"z":-0.0557192787528038,"w":-0.181090846657753},"size":0.5815736055374146,"orthographic":false}