{"cameraMode":{"drawMode":0,"name":"Shaded","section":"Shading Mode"},"sceneLighting":false,"audioPlay":false,"sceneViewState":{"m_AlwaysRefresh":false,"showFog":false,"showSkybox":false,"showFlares":true,"showImageEffects":true,"showParticleSystems":true,"showVisualEffectGraphs":true,"m_FxEnabled":true},"in2DMode":false,"pivot":{"x":-0.21908870339393617,"y":1.0368309020996094,"z":-0.5030020475387573},"rotation":{"x":-0.18802838027477265,"y":0.23691323399543763,"z":-0.04679183289408684,"w":-0.9519919157028198},"size":0.5072088837623596,"orthographic":false}