{"cameraMode":{"drawMode":0,"name":"Shaded","section":"Shading Mode"},"sceneLighting":false,"audioPlay":false,"sceneViewState":{"m_AlwaysRefresh":false,"showFog":false,"showSkybox":false,"showFlares":true,"showImageEffects":true,"showParticleSystems":true,"showVisualEffectGraphs":true,"m_FxEnabled":true},"in2DMode":false,"pivot":{"x":-0.006490781903266907,"y":0.05093076080083847,"z":0.041250064969062808},"rotation":{"x":0.02429310232400894,"y":-0.9117069244384766,"z":-0.05448377504944801,"w":-0.40647900104522707},"size":0.11711293458938599,"orthographic":false}