{"cameraMode":{"drawMode":0,"name":"Shaded","section":"Shading Mode"},"sceneLighting":false,"audioPlay":false,"sceneViewState":{"m_AlwaysRefresh":false,"showFog":false,"showSkybox":false,"showFlares":true,"showImageEffects":true,"showParticleSystems":true,"showVisualEffectGraphs":true,"m_FxEnabled":true},"in2DMode":false,"pivot":{"x":-8.344650268554688e-7,"y":1.3441483974456788,"z":0.016954660415649415},"rotation":{"x":0.02429310232400894,"y":-0.9117069244384766,"z":-0.05448377504944801,"w":-0.40647900104522707},"size":1.5321111679077149,"orthographic":false}