{"cameraMode":{"drawMode":0,"name":"Shaded","section":"Shading Mode"},"sceneLighting":false,"audioPlay":false,"sceneViewState":{"m_AlwaysRefresh":false,"showFog":false,"showSkybox":false,"showFlares":true,"showImageEffects":true,"showParticleSystems":true,"showVisualEffectGraphs":true,"m_FxEnabled":true},"in2DMode":false,"pivot":{"x":0.004209458827972412,"y":0.311413437128067,"z":-0.000001430511474609375},"rotation":{"x":0.02429310232400894,"y":-0.9117069244384766,"z":-0.05448377504944801,"w":-0.40647900104522707},"size":1.2773501873016358,"orthographic":false}