{"cameraMode":{"drawMode":0,"name":"Shaded","section":"Shading Mode"},"sceneLighting":false,"audioPlay":false,"sceneViewState":{"m_AlwaysRefresh":false,"showFog":false,"showSkybox":false,"showFlares":true,"showImageEffects":true,"showParticleSystems":true,"showVisualEffectGraphs":true,"m_FxEnabled":true},"in2DMode":false,"pivot":{"x":-0.2236577868461609,"y":1.4134849309921265,"z":0.30795300006866457},"rotation":{"x":-0.015339869074523449,"y":-0.9132895469665527,"z":0.03454849496483803,"w":-0.4055436849594116},"size":1.2683502435684205,"orthographic":false}