{"cameraMode":{"drawMode":0,"name":"Shaded","section":"Shading Mode"},"sceneLighting":false,"audioPlay":false,"sceneViewState":{"m_AlwaysRefresh":false,"showFog":false,"showSkybox":false,"showFlares":true,"showImageEffects":true,"showParticleSystems":true,"showVisualEffectGraphs":true,"m_FxEnabled":true},"in2DMode":false,"pivot":{"x":0.3745873272418976,"y":0.27893581986427309,"z":1.2136164903640748},"rotation":{"x":-0.05362559109926224,"y":0.5228358507156372,"z":-0.032983966171741489,"w":-0.8500829339027405},"size":1.4345370531082154,"orthographic":false}