{"cameraMode":{"drawMode":0,"name":"Shaded","section":"Shading Mode"},"sceneLighting":false,"audioPlay":false,"sceneViewState":{"m_AlwaysRefresh":false,"showFog":false,"showSkybox":false,"showFlares":true,"showImageEffects":true,"showParticleSystems":true,"showVisualEffectGraphs":true,"m_FxEnabled":true},"in2DMode":false,"pivot":{"x":-9.98377799987793e-7,"y":0.1657034158706665,"z":4.3213367462158205e-7},"rotation":{"x":0.02429310232400894,"y":-0.9117069244384766,"z":-0.05448377504944801,"w":-0.40647900104522707},"size":0.2607170641422272,"orthographic":false}